,Month,All items,Food,Food at home,Food away from home,Energy,Electricity,Gasoline (all types),All items less food and energy,Furniture and bedding,Apparel,Used cars and trucks,Medical care,Sporting goods,Public transportation
0,1980-01-01,13.9,8.9,7.8,11.3,41.5,11.1,60.1,12.0,7.1,6.5,1.9,10.0,8.9,19.4
1,1980-02-01,14.2,7.3,5.9,10.7,46.6,13.8,67.9,12.0,7.6,6.4,1.0,10.8,9.6,20.3
2,1980-03-01,14.8,7.4,5.9,10.4,47.1,14.1,68.1,12.5,8.6,7.0,0.0,11.2,10.0,21.3
3,1980-04-01,14.7,7.2,5.9,10.3,43.5,14.8,59.7,13.0,8.2,7.2,-1.7,11.5,9.3,22.5
4,1980-05-01,14.4,6.8,5.6,9.8,39.3,15.8,51.7,13.3,8.5,6.8,-2.9,11.6,8.5,24.0
5,1980-06-01,14.4,7.1,5.8,9.9,33.5,17.2,42.0,13.6,9.0,6.9,-4.0,11.4,8.5,24.8
6,1980-07-01,13.1,7.6,6.9,9.4,29.1,17.6,34.5,12.4,9.1,7.2,-2.7,11.3,8.7,27.0
7,1980-08-01,12.9,9.6,9.5,9.4,25.1,17.1,28.8,11.8,8.7,7.4,-0.3,11.0,9.5,30.1
8,1980-09-01,12.6,10.1,10.4,9.6,21.7,16.7,23.9,12.0,9.8,7.3,5.8,11.1,8.8,32.0
9,1980-10-01,12.8,10.1,10.4,9.5,19.6,16.1,22.1,12.3,8.5,7.6,11.4,11.0,9.6,30.7
10,1980-11-01,12.6,10.6,11.1,9.6,19.0,16.7,20.7,12.1,7.9,7.7,16.3,10.7,9.9,27.9
11,1980-12-01,12.5,10.2,10.5,9.6,18.0,16.8,18.9,12.2,7.8,6.8,18.2,9.9,9.5,25.5
12,1981-01-01,11.8,10.1,10.4,9.8,16.5,17.8,15.0,11.4,6.9,5.8,18.6,10.1,8.5,26.4
13,1981-02-01,11.4,10.5,10.7,10.3,16.4,16.0,14.8,10.9,7.5,5.9,20.0,9.6,7.6,25.6
14,1981-03-01,10.5,10.1,10.3,9.7,15.2,15.0,13.4,10.0,6.6,5.2,20.5,9.4,7.6,26.5
15,1981-04-01,10.0,9.5,9.5,9.6,14.3,14.8,11.9,9.5,6.7,5.1,21.6,9.5,7.4,26.0
16,1981-05-01,9.8,8.9,8.5,9.3,13.3,13.6,10.9,9.5,6.4,5.0,22.9,9.7,7.4,24.4
17,1981-06-01,9.6,8.5,8.4,9.0,12.7,13.3,10.2,9.4,5.7,4.9,26.0,10.2,6.9,25.6
18,1981-07-01,10.8,8.4,7.9,9.2,12.2,14.5,9.6,11.1,6.8,4.9,27.9,10.8,6.2,29.0
19,1981-08-01,10.8,7.1,6.4,9.0,12.3,16.2,9.5,11.6,6.6,4.8,29.3,11.5,5.2,25.0
20,1981-09-01,11.0,6.4,5.5,8.6,12.7,15.2,10.3,11.8,6.1,4.6,27.1,11.4,5.1,21.5
21,1981-10-01,10.1,5.8,4.7,8.4,12.8,14.2,10.6,10.9,6.5,4.1,24.9,11.7,5.3,20.9
22,1981-11-01,9.6,4.8,3.4,8.0,13.2,15.4,10.5,10.2,6.4,3.5,22.0,12.3,6.0,20.3
23,1981-12-01,8.9,4.3,2.9,7.1,11.9,14.4,9.4,9.5,6.4,3.5,20.2,12.5,5.8,19.3
24,1982-01-01,8.4,4.7,3.6,6.7,9.0,14.8,5.4,9.3,6.5,3.5,19.8,12.1,4.9,16.9
25,1982-02-01,7.6,4.7,4.0,5.7,2.9,13.1,-2.9,9.1,5.1,3.2,19.4,11.8,5.5,17.0
26,1982-03-01,6.8,3.9,3.1,5.7,-0.7,14.4,-8.7,8.8,5.2,3.2,19.3,12.0,4.9,14.5
27,1982-04-01,6.5,4.1,3.4,5.3,-3.5,12.8,-12.5,8.9,5.4,2.9,19.3,12.1,4.2,14.2
28,1982-05-01,6.7,4.7,4.6,5.4,-2.2,11.7,-11.1,8.7,5.3,2.7,18.9,12.0,4.3,14.8
29,1982-06-01,7.1,5.3,5.2,5.3,1.0,10.4,-5.4,8.6,4.8,2.7,18.0,11.9,4.7,13.7
30,1982-07-01,6.4,4.5,4.1,5.1,2.1,8.0,-3.1,7.6,4.0,2.7,16.3,11.7,4.6,7.4
31,1982-08-01,5.9,3.6,2.9,5.1,2.0,7.0,-3.2,7.1,2.4,2.4,14.1,11.3,4.7,6.6
32,1982-09-01,5.0,3.5,2.7,5.1,1.7,7.3,-4.1,5.9,2.7,2.3,11.6,11.4,4.3,7.3
33,1982-10-01,5.1,3.4,2.7,4.9,2.4,7.8,-4.7,5.9,3.8,2.2,10.2,11.2,4.7,7.7
34,1982-11-01,4.6,3.4,2.7,4.7,2.0,6.7,-5.3,5.3,2.3,2.2,10.3,10.9,1.4,6.8
35,1982-12-01,3.8,3.1,2.3,5.1,1.3,6.5,-6.7,4.5,2.7,1.6,10.9,11.0,1.2,6.4
36,1983-01-01,3.7,2.5,1.4,4.9,-0.4,4.1,-8.4,4.7,2.1,2.0,10.8,11.0,1.6,6.7
37,1983-02-01,3.5,2.0,0.8,4.7,-1.5,4.4,-10.0,4.7,2.1,2.2,10.5,11.1,1.4,5.4
38,1983-03-01,3.6,2.7,1.7,4.7,-1.5,2.6,-9.2,4.7,1.7,1.8,10.1,10.5,1.4,5.3
39,1983-04-01,3.9,2.8,2.0,4.7,3.6,2.2,0.2,4.3,3.3,1.9,9.6,9.8,0.5,6.3
40,1983-05-01,3.5,2.5,1.4,4.5,4.8,3.1,2.9,3.6,2.2,2.5,8.8,9.3,0.3,5.0
41,1983-06-01,2.6,1.4,0.1,4.4,2.1,3.0,-1.5,2.9,2.5,2.5,8.2,8.9,0.9,4.5
42,1983-07-01,2.5,1.2,0.0,4.0,1.3,3.2,-2.7,3.0,3.0,2.8,8.9,8.4,1.1,4.6
43,1983-08-01,2.6,1.7,0.6,3.9,1.2,2.1,-2.2,3.0,3.3,2.9,10.6,8.1,0.7,4.8
44,1983-09-01,2.9,1.7,0.6,4.0,1.2,2.9,-1.8,3.5,2.1,2.8,12.9,7.5,1.3,3.8
45,1983-10-01,2.9,2.0,1.0,4.2,0.0,3.8,-2.1,3.7,1.8,2.6,14.3,7.1,0.1,3.4
46,1983-11-01,3.3,2.2,1.1,4.3,-0.6,4.2,-2.5,4.3,2.9,2.7,14.6,6.6,2.0,4.1
47,1983-12-01,3.8,2.7,1.8,4.1,-0.5,3.2,-1.6,4.8,2.7,2.9,14.4,6.4,2.6,3.8
48,1984-01-01,4.2,3.9,3.9,4.1,0.5,4.3,-0.4,4.8,2.7,2.8,14.9,6.2,3.5,5.7
49,1984-02-01,4.6,4.6,4.7,4.3,3.3,4.4,2.6,4.8,1.3,2.1,15.6,6.3,1.8,6.3
50,1984-03-01,4.8,4.0,4.0,4.2,4.5,4.6,5.8,5.0,1.2,2.1,17.2,6.3,1.4,6.5
51,1984-04-01,4.6,3.5,3.3,4.0,2.8,6.0,1.8,5.0,0.5,1.9,18.4,6.3,4.1,4.7
52,1984-05-01,4.2,3.0,2.4,4.3,1.1,5.7,-1.1,5.2,1.8,1.4,19.2,6.4,3.6,6.0
53,1984-06-01,4.2,3.4,3.0,4.3,0.3,6.3,-2.9,5.1,1.5,0.9,18.4,6.3,2.6,6.7
54,1984-07-01,4.2,3.8,3.5,4.6,-0.4,8.0,-5.0,5.0,0.7,0.8,16.2,6.4,2.7,7.2
55,1984-08-01,4.3,4.3,4.2,4.6,-0.6,9.9,-6.1,5.1,1.6,1.4,13.9,6.0,3.1,7.1
56,1984-09-01,4.3,4.0,3.9,4.2,-0.1,9.6,-5.0,5.1,3.5,1.9,11.7,6.1,3.0,6.2
57,1984-10-01,4.3,3.9,3.9,4.0,0.4,6.4,-3.2,4.9,3.9,2.5,9.8,6.2,3.2,6.2
58,1984-11-01,4.1,3.9,3.8,3.9,0.4,5.7,-2.4,4.6,3.3,2.2,7.8,6.2,3.9,5.8
59,1984-12-01,3.9,3.8,3.6,4.2,0.2,5.6,-2.5,4.7,2.0,2.0,7.0,6.1,3.4,6.4
60,1985-01-01,3.5,2.6,2.1,3.8,-0.5,5.4,-3.7,4.5,2.1,1.8,7.1,5.9,3.0,4.3
61,1985-02-01,3.5,2.4,1.7,3.9,-2.1,5.5,-4.6,4.7,3.8,2.9,7.7,5.5,3.0,4.5
62,1985-03-01,3.7,2.4,1.7,3.9,-0.3,5.5,-2.4,4.8,3.8,3.4,6.5,5.9,3.0,5.3
63,1985-04-01,3.7,2.4,1.7,4.0,0.7,4.9,-0.1,4.5,4.0,3.3,4.4,6.0,1.0,5.3
64,1985-05-01,3.8,2.5,2.0,3.8,1.4,4.5,1.2,4.5,2.3,3.3,1.6,6.0,1.4,4.7
65,1985-06-01,3.8,2.4,1.6,4.1,2.0,5.3,2.6,4.4,2.7,3.7,-0.4,6.3,1.4,3.6
66,1985-07-01,3.6,2.1,1.3,3.8,2.1,2.6,4.2,4.2,2.2,3.2,-1.7,6.2,1.5,3.4
67,1985-08-01,3.3,1.5,0.5,3.8,1.6,1.5,4.3,4.1,3.4,2.6,-2.5,6.5,1.3,3.3
68,1985-09-01,3.1,1.8,0.7,4.3,0.9,1.4,2.7,4.0,0.3,2.7,-2.5,6.6,2.7,4.8
69,1985-10-01,3.2,1.8,0.6,4.1,0.1,1.7,1.0,4.1,1.4,2.6,-2.4,6.5,3.3,5.2
70,1985-11-01,3.5,2.3,1.5,4.1,0.8,1.6,1.8,4.4,2.8,3.0,-1.9,6.6,2.2,5.3
71,1985-12-01,3.8,2.6,2.0,3.8,1.8,2.7,3.0,4.3,3.3,2.8,-1.8,6.8,1.7,5.1
72,1986-01-01,3.9,2.8,2.2,4.0,2.4,3.0,4.5,4.4,3.8,2.6,-2.3,6.9,1.5,6.4
73,1986-02-01,3.1,1.9,1.0,3.7,-0.6,3.1,-0.2,4.2,2.7,1.2,-3.6,7.2,2.1,7.0
74,1986-03-01,2.3,1.9,1.0,3.7,-8.5,2.3,-14.5,4.1,2.7,0.5,-4.8,7.4,1.1,6.0
75,1986-04-01,1.6,2.1,1.2,3.8,-14.7,0.8,-25.4,4.2,0.1,0.7,-5.6,7.5,-0.2,6.0
76,1986-05-01,1.5,2.6,1.9,3.9,-14.9,-0.1,-24.2,4.0,1.8,0.5,-5.3,7.6,-0.1,6.3
77,1986-06-01,1.8,2.6,1.9,3.9,-12.9,2.6,-22.2,4.0,1.5,0.0,-4.7,7.5,0.4,6.6
78,1986-07-01,1.6,3.4,3.1,4.0,-16.2,3.0,-27.4,4.1,3.6,0.2,-4.3,7.7,-0.2,6.3
79,1986-08-01,1.6,4.3,4.4,3.9,-17.3,2.6,-30.5,4.0,2.0,0.8,-4.3,7.6,-0.2,6.1
80,1986-09-01,1.8,4.3,4.6,3.7,-16.7,2.5,-28.3,4.1,3.6,1.1,-3.9,7.7,-2.4,5.0
81,1986-10-01,1.5,4.5,4.8,3.9,-18.4,-1.5,-29.8,4.0,2.2,1.0,-3.9,7.7,-3.2,4.2
82,1986-11-01,1.3,4.3,4.5,4.1,-19.6,-0.7,-30.8,3.8,0.7,0.8,-4.1,7.7,-2.8,4.6
83,1986-12-01,1.1,3.8,3.7,4.3,-19.7,-1.5,-30.7,3.8,2.2,0.9,-5.1,7.7,-2.7,6.0
84,1987-01-01,1.5,4.2,4.1,4.3,-17.1,-1.6,-26.1,3.8,1.6,1.1,-5.2,7.6,-2.7,4.6
85,1987-02-01,2.1,4.7,5.0,4.3,-12.1,-2.2,-18.1,3.8,1.8,2.0,-3.7,7.1,-2.5,4.1
86,1987-03-01,3.0,4.7,4.8,4.3,-5.6,-1.6,-6.0,4.0,2.1,4.3,-1.2,6.8,-1.1,4.8
87,1987-04-01,3.8,4.7,5.1,4.0,0.2,-1.3,6.5,4.2,3.9,5.5,1.9,6.8,-0.4,4.4
88,1987-05-01,3.9,4.9,5.6,3.8,-0.2,-0.7,3.5,4.2,2.9,5.6,4.1,6.8,0.5,3.8
89,1987-06-01,3.7,5.3,6.2,3.7,0.0,-0.5,2.2,4.1,2.4,4.8,5.6,6.8,-0.1,3.0
90,1987-07-01,3.9,4.2,4.5,3.9,4.4,-0.3,11.1,4.0,1.9,3.6,7.0,6.8,0.1,2.4
91,1987-08-01,4.3,3.5,3.3,3.9,8.4,0.0,20.3,4.2,2.9,3.7,7.7,6.5,0.0,3.5
92,1987-09-01,4.4,3.6,3.5,4.0,7.5,-0.3,17.5,4.3,2.0,4.8,7.7,6.4,1.5,3.9
93,1987-10-01,4.5,3.6,3.4,4.0,8.1,0.7,19.7,4.3,1.5,6.2,7.6,6.3,2.5,3.1
94,1987-11-01,4.5,3.3,2.9,3.8,9.3,1.9,21.0,4.4,3.0,6.3,7.8,6.1,3.0,3.0
95,1987-12-01,4.4,3.5,3.5,3.7,8.2,1.8,18.6,4.2,2.1,4.8,8.9,5.8,3.6,1.8
96,1988-01-01,4.0,3.2,3.1,3.6,4.2,1.4,9.4,4.3,2.0,4.5,9.2,6.2,3.8,1.2
97,1988-02-01,3.9,2.8,2.4,3.6,1.6,1.7,2.9,4.3,1.9,3.8,8.5,6.4,3.0,0.2
98,1988-03-01,3.9,3.0,2.7,3.7,0.8,1.1,1.2,4.4,3.6,4.2,6.8,6.4,2.4,0.2
99,1988-04-01,3.9,3.4,3.0,4.0,1.0,1.9,1.0,4.3,2.0,4.9,4.8,6.4,3.4,1.2
100,1988-05-01,3.9,3.3,2.8,4.0,1.5,1.0,2.9,4.3,1.9,4.7,3.2,6.4,3.5,1.5
101,1988-06-01,4.0,3.3,2.8,4.0,0.3,0.8,0.7,4.5,3.8,4.8,2.5,6.4,4.3,2.5
102,1988-07-01,4.1,4.5,4.6,4.2,0.3,0.3,0.2,4.5,4.3,5.0,2.2,6.6,4.4,2.9
103,1988-08-01,4.0,4.9,5.4,4.3,-0.4,0.2,-0.1,4.4,2.8,2.9,3.2,6.6,3.7,1.8
104,1988-09-01,4.2,5.3,5.9,4.2,-0.4,0.9,-1.1,4.4,3.9,4.0,2.9,6.6,3.2,1.6
105,1988-10-01,4.2,5.2,5.9,4.3,0.1,3.0,-1.8,4.5,4.5,4.6,3.2,6.7,3.5,2.5
106,1988-11-01,4.2,5.3,5.9,4.3,-0.1,1.7,-2.0,4.4,4.4,3.9,2.7,6.8,4.0,2.7
107,1988-12-01,4.4,5.2,5.6,4.4,0.5,2.8,-1.8,4.7,3.5,4.7,3.4,6.9,4.4,3.6
108,1989-01-01,4.7,5.6,6.2,4.5,1.8,2.7,-0.1,4.6,4.1,4.4,3.9,7.0,3.9,4.7
109,1989-02-01,4.8,6.2,7.1,4.6,2.6,1.8,2.6,4.8,3.7,4.6,3.9,7.2,4.0,6.0
110,1989-03-01,5.0,6.6,7.7,4.6,3.8,2.4,5.2,4.7,0.1,4.4,3.8,7.2,3.9,5.6
111,1989-04-01,5.1,6.5,7.8,4.6,8.7,3.2,16.3,4.6,0.4,3.3,3.5,7.2,3.1,4.9
112,1989-05-01,5.4,6.8,8.1,4.7,9.8,4.3,18.9,4.6,1.0,3.5,3.4,7.3,2.6,5.3
113,1989-06-01,5.2,6.3,7.3,4.6,8.8,2.8,18.3,4.5,0.1,2.8,3.1,7.5,2.2,5.2
114,1989-07-01,5.0,5.6,6.4,4.7,7.8,3.3,14.9,4.6,-0.1,2.0,2.7,7.5,2.1,4.9
115,1989-08-01,4.7,5.4,5.8,4.6,5.1,3.1,8.2,4.4,0.6,2.1,0.9,7.7,2.2,5.2
116,1989-09-01,4.3,4.9,5.0,4.7,4.4,2.7,6.9,4.3,0.3,1.9,0.3,8.0,2.5,4.9
117,1989-10-01,4.5,5.2,5.4,4.6,5.2,1.9,8.8,4.3,0.5,1.7,-0.2,8.1,2.6,5.2
118,1989-11-01,4.7,5.6,6.0,4.7,4.8,2.7,6.9,4.4,-1.9,1.8,0.3,8.5,2.0,4.8
119,1989-12-01,4.6,5.6,6.2,4.6,5.1,2.8,6.5,4.4,-1.4,1.0,-0.4,8.5,2.1,4.1
120,1990-01-01,5.2,6.7,8.1,4.5,9.7,2.4,14.1,4.4,0.4,1.2,-1.3,8.4,2.3,5.3
121,1990-02-01,5.3,6.8,8.3,4.6,8.0,3.9,12.6,4.6,1.1,4.4,-2.6,8.5,2.4,6.7
122,1990-03-01,5.2,6.5,7.5,4.9,6.3,3.4,9.6,4.9,3.1,5.1,-3.2,8.6,3.1,8.5
123,1990-04-01,4.7,5.7,6.2,5.0,0.8,3.0,-1.2,4.8,3.1,4.8,-3.7,8.9,3.7,9.3
124,1990-05-01,4.4,5.1,5.2,5.0,-0.7,3.3,-4.4,4.8,2.4,4.2,-3.4,9.0,3.6,9.3
125,1990-06-01,4.7,5.6,6.0,5.0,0.5,2.3,-1.7,4.9,1.1,4.7,-3.1,9.0,3.5,9.2
126,1990-07-01,4.8,5.7,6.2,4.8,0.4,1.3,-0.2,5.0,2.0,5.0,-2.4,9.2,4.1,9.2
127,1990-08-01,5.6,5.6,6.2,4.8,6.8,1.2,13.2,5.5,1.8,6.3,-1.7,9.5,5.5,9.1
128,1990-09-01,6.2,5.6,6.3,4.5,13.5,1.7,25.9,5.5,1.0,5.7,-1.3,9.3,4.7,10.7
129,1990-10-01,6.3,5.6,6.4,4.6,17.8,2.3,33.7,5.3,0.7,4.6,-1.3,9.4,3.7,12.3
130,1990-11-01,6.3,5.6,6.4,4.6,19.0,2.1,36.6,5.3,0.9,4.4,-2.4,9.4,3.0,14.5
131,1990-12-01,6.1,5.3,5.8,4.5,18.1,1.4,36.8,5.2,1.1,5.1,-2.2,9.6,1.8,17.2
132,1991-01-01,5.7,4.1,4.1,4.2,9.7,4.2,19.2,5.6,0.1,6.1,-2.4,9.7,1.9,15.8
133,1991-02-01,5.3,3.2,2.7,4.0,6.6,3.8,10.1,5.6,1.2,4.8,-2.0,9.5,3.4,14.3
134,1991-03-01,4.9,3.3,3.1,3.6,4.4,4.0,5.7,5.2,-0.5,2.7,-1.9,9.5,3.3,10.2
135,1991-04-01,4.9,4.1,4.5,3.5,4.0,2.9,5.4,5.1,-0.2,2.7,-1.0,9.1,3.6,4.8
136,1991-05-01,5.0,4.2,4.6,3.4,5.6,3.7,8.4,5.1,1.6,3.1,0.1,9.0,2.6,3.6
137,1991-06-01,4.7,3.9,4.3,3.4,4.0,2.7,6.3,5.0,2.4,2.9,1.0,8.8,3.1,3.6
138,1991-07-01,4.4,2.9,2.6,3.4,3.8,3.9,4.0,4.8,0.9,3.6,1.9,8.6,2.5,3.6
139,1991-08-01,3.8,2.3,1.7,3.3,-0.7,3.6,-3.7,4.6,0.3,4.4,1.4,8.4,2.2,4.0
140,1991-09-01,3.4,2.1,1.5,3.2,-4.8,3.7,-10.7,4.5,0.9,3.5,1.3,8.4,4.1,1.8
141,1991-10-01,2.9,1.6,0.7,3.0,-8.6,4.4,-17.3,4.4,0.7,3.3,1.8,8.1,3.7,-1.2
142,1991-11-01,3.0,1.6,0.9,2.9,-8.2,3.3,-16.6,4.5,1.2,4.2,2.9,8.0,3.6,-2.2
143,1991-12-01,3.1,1.9,1.3,2.9,-7.4,5.0,-16.2,4.4,1.0,3.4,2.6,7.9,3.7,-3.0
144,1992-01-01,2.6,1.0,0.0,2.9,-6.5,2.0,-12.7,3.9,1.0,3.3,1.5,7.8,3.5,-2.5
145,1992-02-01,2.8,1.5,0.7,2.7,-3.7,1.3,-6.6,3.8,1.9,3.2,0.9,7.9,2.1,-3.5
146,1992-03-01,3.2,1.7,1.1,2.6,-0.8,1.5,-1.1,3.9,4.7,3.6,1.1,7.8,2.3,0.1
147,1992-04-01,3.2,1.0,0.3,2.3,0.0,2.0,-1.1,3.9,5.2,2.5,2.5,7.9,2.5,5.2
148,1992-05-01,3.0,0.4,-0.5,2.1,0.3,2.0,-0.8,3.8,1.8,2.9,3.0,7.7,3.1,3.8
149,1992-06-01,3.1,0.1,-0.9,2.0,2.3,2.9,2.4,3.8,2.6,3.2,3.6,7.5,2.2,-0.9
150,1992-07-01,3.2,0.5,-0.2,1.7,3.2,2.0,4.8,3.7,3.0,3.2,3.7,7.4,1.7,1.1
151,1992-08-01,3.1,1.5,1.5,1.7,2.4,2.3,2.5,3.5,3.7,2.0,5.3,7.0,1.0,-0.6
152,1992-09-01,3.0,1.8,1.9,1.7,2.2,2.0,2.0,3.3,3.4,1.5,6.6,7.0,-1.2,-0.7
153,1992-10-01,3.2,1.8,2.1,1.6,2.7,1.5,3.4,3.5,4.1,1.7,7.4,7.0,-0.4,5.5
154,1992-11-01,3.0,1.5,1.5,1.6,2.7,2.4,3.1,3.4,5.3,1.2,7.7,6.9,0.2,7.1
155,1992-12-01,2.9,1.5,1.5,1.4,2.0,1.7,2.0,3.3,4.5,1.4,7.4,6.6,0.1,5.6
156,1993-01-01,3.3,1.9,2.0,1.6,3.3,2.0,4.5,3.5,4.5,1.4,8.1,6.6,-0.3,6.7
157,1993-02-01,3.2,1.7,1.8,1.6,3.2,0.3,5.5,3.6,2.4,2.5,8.5,6.3,0.0,8.9
158,1993-03-01,3.1,1.4,1.4,1.6,3.6,1.8,4.2,3.4,1.4,2.1,9.4,6.0,-0.7,6.5
159,1993-04-01,3.2,1.8,1.9,1.8,3.6,2.6,3.6,3.5,0.4,2.7,9.2,6.0,-1.3,5.2
160,1993-05-01,3.2,2.7,3.3,1.8,2.0,2.3,0.2,3.4,2.2,1.4,9.1,6.3,-1.2,9.2
161,1993-06-01,3.0,2.2,2.4,1.8,0.6,2.2,-3.3,3.3,2.3,0.7,9.1,6.2,-0.7,13.2
162,1993-07-01,2.8,2.3,2.5,1.8,-0.2,2.5,-4.8,3.2,1.3,0.2,9.1,6.0,0.2,13.1
163,1993-08-01,2.8,2.0,2.0,1.8,-0.2,2.5,-4.8,3.3,2.7,1.3,8.8,6.0,0.7,14.6
164,1993-09-01,2.7,1.9,1.9,1.8,-0.7,2.5,-5.8,3.2,3.2,1.0,8.6,5.7,1.2,15.7
165,1993-10-01,2.8,2.4,2.6,1.9,0.9,2.8,-2.3,3.0,2.9,0.8,8.3,5.7,1.1,10.0
166,1993-11-01,2.7,2.6,3.1,1.9,-0.8,1.7,-4.3,3.1,2.3,1.3,8.3,5.5,0.3,9.9
167,1993-12-01,2.7,2.9,3.5,1.9,-1.4,0.6,-5.9,3.2,3.6,0.9,8.0,5.4,0.3,11.6
168,1994-01-01,2.5,2.8,3.4,1.8,-2.0,0.2,-6.5,2.9,3.8,0.5,7.4,5.1,0.8,8.5
169,1994-02-01,2.5,2.1,2.5,1.7,-0.2,2.2,-4.9,2.8,3.9,-0.7,6.4,4.9,0.9,7.2
170,1994-03-01,2.5,2.2,2.4,1.7,-0.6,0.2,-4.5,2.9,2.9,-0.1,5.5,4.9,1.3,9.2
171,1994-04-01,2.4,2.0,2.1,1.7,-1.1,-1.1,-4.0,2.8,4.1,-0.4,5.1,4.9,1.5,8.4
172,1994-05-01,2.3,1.7,1.6,1.7,-1.4,-0.7,-4.0,2.8,5.1,0.4,4.9,4.6,2.3,2.7
173,1994-06-01,2.5,2.2,2.6,1.6,-0.8,-0.4,-1.7,2.9,5.1,1.4,4.9,4.6,2.2,3.3
174,1994-07-01,2.8,2.8,3.5,1.5,0.9,-0.2,2.4,2.9,5.6,1.2,4.8,4.6,2.2,2.2
175,1994-08-01,2.9,2.8,3.6,1.6,3.1,0.1,7.4,2.9,5.0,-0.6,4.7,4.6,1.7,3.0
176,1994-09-01,3.0,2.8,3.6,1.7,2.9,-0.5,8.0,3.0,3.6,-0.3,4.8,4.7,1.1,2.0
177,1994-10-01,2.6,2.4,2.8,1.7,0.4,-0.5,2.5,2.9,2.5,-0.7,5.7,4.7,1.0,0.1
178,1994-11-01,2.7,2.4,2.8,1.8,1.9,0.7,4.9,2.8,2.0,-1.5,6.7,4.8,2.6,-3.4
179,1994-12-01,2.7,2.9,3.5,1.9,2.2,0.6,6.4,2.6,1.6,-1.6,8.8,4.9,3.2,-6.2
180,1995-01-01,2.8,2.6,3.1,2.0,2.9,1.8,6.8,2.9,1.2,-0.8,11.4,4.9,3.7,-3.9
181,1995-02-01,2.9,3.1,3.7,2.1,1.7,1.6,5.1,3.0,2.5,-1.0,14.3,4.9,3.1,-3.4
182,1995-03-01,2.9,2.9,3.4,2.3,1.3,1.8,4.9,3.0,3.0,-1.2,15.9,4.8,2.2,-2.2
183,1995-04-01,3.1,3.5,4.3,2.2,1.9,2.0,5.3,3.1,1.8,-1.2,15.8,4.6,1.6,0.1
184,1995-05-01,3.2,3.3,4.0,2.3,3.3,1.5,9.0,3.1,0.6,-1.6,14.4,4.6,0.6,4.0
185,1995-06-01,3.0,3.1,3.6,2.3,3.4,2.4,8.6,3.0,0.2,-2.5,12.3,4.5,0.7,7.4
186,1995-07-01,2.8,2.7,2.9,2.4,1.2,1.8,3.3,3.0,1.1,-2.0,10.4,4.4,0.2,6.1
187,1995-08-01,2.6,2.5,2.6,2.4,-1.0,3.4,-3.0,2.9,1.8,-0.8,9.0,4.4,0.6,2.3
188,1995-09-01,2.5,2.7,2.9,2.3,-1.8,1.7,-3.8,2.9,2.8,-1.1,7.6,4.4,1.4,2.6
189,1995-10-01,2.8,3.0,3.4,2.5,-1.2,3.3,-3.6,3.0,2.9,-0.5,6.4,4.2,0.7,6.1
190,1995-11-01,2.6,2.8,3.0,2.3,-2.7,3.0,-6.4,3.0,3.2,-0.4,5.1,4.1,-0.9,6.2
191,1995-12-01,2.5,2.1,2.0,2.2,-1.3,2.7,-4.2,3.0,4.2,0.1,4.4,3.9,-0.6,3.1
192,1996-01-01,2.7,2.4,2.5,2.2,0.8,1.9,-0.2,3.0,4.2,0.5,3.6,4.0,-0.9,1.9
193,1996-02-01,2.7,2.3,2.4,2.2,1.2,2.1,0.1,2.9,2.4,0.1,2.7,3.8,0.1,4.4
194,1996-03-01,2.8,2.8,3.3,2.1,2.8,2.3,4.0,2.8,1.8,0.3,1.6,3.8,1.0,2.5
195,1996-04-01,2.9,2.6,2.7,2.2,5.9,3.5,9.0,2.7,3.1,0.1,0.4,3.7,0.4,1.5
196,1996-05-01,2.9,2.5,2.6,2.3,6.2,2.5,8.7,2.7,3.1,0.2,-0.1,3.7,0.6,2.0
197,1996-06-01,2.8,3.2,3.6,2.4,3.5,0.3,4.4,2.7,3.6,0.2,-0.7,3.6,0.3,-0.2
198,1996-07-01,3.0,3.4,4.0,2.5,4.1,1.8,4.9,2.7,2.3,0.0,-0.4,3.6,-0.6,0.5
199,1996-08-01,2.9,3.6,4.3,2.5,3.9,0.9,5.0,2.6,2.0,-1.5,-0.3,3.4,-0.1,2.4
200,1996-09-01,3.0,3.8,4.5,2.6,5.2,2.9,6.0,2.7,2.4,-0.9,0.3,3.3,-0.2,4.8
201,1996-10-01,3.0,4.0,4.7,2.8,5.7,1.1,7.3,2.6,1.7,-0.8,-0.1,3.2,-1.1,4.8
202,1996-11-01,3.3,4.4,5.2,3.0,8.1,0.3,11.6,2.6,2.1,-0.2,-0.8,3.1,-0.5,5.5
203,1996-12-01,3.3,4.3,4.9,3.1,8.6,0.7,12.4,2.6,1.0,-0.2,-1.6,3.0,-0.1,11.2
204,1997-01-01,3.0,3.6,3.9,3.1,7.9,0.8,9.9,2.5,-0.2,-0.3,-2.0,2.9,-0.2,8.3
205,1997-02-01,3.0,3.8,4.2,3.1,7.8,1.1,9.8,2.5,0.4,0.5,-2.0,2.9,-1.0,2.8
206,1997-03-01,2.8,3.3,3.4,3.2,4.8,1.1,4.6,2.5,1.1,-0.2,-1.8,3.0,-1.0,5.1
207,1997-04-01,2.5,2.8,2.7,3.0,0.0,0.5,-2.6,2.7,0.3,0.9,-2.0,3.0,-1.1,5.9
208,1997-05-01,2.2,3.0,3.2,2.8,-2.7,0.9,-7.1,2.5,2.1,1.2,-2.3,3.0,-1.7,4.4
209,1997-06-01,2.3,2.6,2.5,2.8,-0.7,2.5,-5.0,2.4,1.0,1.2,-3.4,2.9,-1.2,2.4
210,1997-07-01,2.2,2.5,2.3,2.8,-1.0,0.9,-4.9,2.4,0.2,1.5,-4.5,2.7,-0.2,3.7
211,1997-08-01,2.2,2.5,2.4,2.8,0.8,-0.4,1.2,2.3,-0.1,1.5,-5.2,2.6,-0.2,1.1
212,1997-09-01,2.2,2.1,1.7,2.8,2.0,-0.1,3.3,2.2,-0.4,1.1,-5.6,2.6,-0.5,0.8
213,1997-10-01,2.1,1.8,1.4,2.6,0.9,-0.4,1.2,2.3,0.3,1.1,-5.8,2.5,-0.1,2.0
214,1997-11-01,1.8,1.7,1.2,2.5,-0.4,0.9,-2.8,2.2,-0.4,1.0,-5.7,2.6,-0.7,-0.7
215,1997-12-01,1.7,1.5,1.0,2.6,-3.4,-1.3,-6.1,2.2,-0.7,1.0,-4.9,2.8,-0.4,-2.9
216,1998-01-01,1.6,2.2,2.0,2.5,-6.5,-2.1,-9.9,2.2,-0.2,0.2,-4.3,2.7,0.1,0.7
217,1998-02-01,1.4,1.9,1.5,2.6,-8.8,-3.6,-12.9,2.3,0.3,0.0,-3.9,2.8,0.1,4.8
218,1998-03-01,1.4,2.0,1.6,2.5,-8.6,-4.2,-14.7,2.1,0.7,0.3,-4.6,2.7,-0.7,3.0
219,1998-04-01,1.4,2.0,1.7,2.6,-7.4,-3.9,-13.6,2.1,1.0,-0.2,-4.0,3.0,-0.8,1.9
220,1998-05-01,1.7,2.4,2.0,2.8,-5.6,-3.6,-10.5,2.2,-1.0,0.0,-2.5,3.1,-0.4,1.2
221,1998-06-01,1.7,2.2,2.0,2.6,-5.9,-3.8,-10.5,2.2,-0.4,0.1,-0.6,3.2,-0.6,0.9
222,1998-07-01,1.7,2.2,2.0,2.5,-5.6,-3.5,-10.0,2.2,1.6,-0.5,0.9,3.4,-0.3,1.4
223,1998-08-01,1.6,2.2,1.8,2.6,-7.7,-3.6,-15.2,2.5,1.3,1.2,1.8,3.5,-0.8,4.8
224,1998-09-01,1.5,2.0,1.6,2.7,-9.8,-4.8,-18.0,2.5,0.1,0.5,2.5,3.6,-1.5,2.3
225,1998-10-01,1.5,2.4,2.2,2.6,-9.1,-4.7,-15.2,2.3,-0.1,0.5,3.4,3.6,-1.1,-0.5
226,1998-11-01,1.5,2.3,2.1,2.5,-9.2,-5.1,-14.3,2.3,0.4,0.2,4.3,3.5,-0.1,0.8
227,1998-12-01,1.6,2.3,2.1,2.5,-8.8,-3.2,-15.4,2.4,1.4,-0.7,3.5,3.4,-0.6,2.2
228,1999-01-01,1.7,2.3,2.0,2.7,-7.4,-2.9,-13.1,2.4,1.5,-1.5,1.7,3.6,-1.9,1.8
229,1999-02-01,1.6,2.4,2.4,2.6,-5.7,-1.4,-11.1,2.1,1.0,-1.7,-0.1,3.5,-1.8,1.0
230,1999-03-01,1.7,2.3,2.0,2.7,-3.1,-0.6,-5.0,2.1,0.4,-1.6,0.1,3.5,-1.1,2.6
231,1999-04-01,2.3,2.3,2.1,2.7,3.0,-0.8,10.2,2.2,0.6,-0.4,0.1,3.5,-0.4,4.1
232,1999-05-01,2.1,2.1,2.0,2.5,1.7,-1.2,7.0,2.0,-0.2,-0.8,-0.3,3.4,-0.3,4.2
233,1999-06-01,2.0,2.2,2.0,2.4,1.0,-1.7,4.6,2.1,-0.5,-1.2,0.0,3.4,-1.2,2.3
234,1999-07-01,2.1,2.1,1.8,2.5,3.3,-1.1,9.3,2.1,-1.0,-1.8,0.7,3.5,-1.0,4.6
235,1999-08-01,2.3,2.0,1.7,2.5,7.2,-0.8,17.7,1.9,-1.0,-3.1,1.8,3.4,-1.1,2.5
236,1999-09-01,2.6,2.2,2.0,2.3,10.2,0.1,22.6,2.0,0.2,-1.3,2.5,3.4,-0.7,2.4
237,1999-10-01,2.6,1.9,1.6,2.4,10.2,1.0,21.2,2.1,-0.4,-0.7,2.2,3.5,-1.1,6.1
238,1999-11-01,2.6,1.9,1.6,2.4,10.6,0.4,21.9,2.1,-0.7,-1.0,1.4,3.5,-1.7,7.9
239,1999-12-01,2.7,1.9,1.7,2.3,13.4,0.7,30.1,1.9,-1.3,-0.5,1.2,3.7,-3.0,6.8
240,2000-01-01,2.7,1.5,1.2,2.3,14.7,0.4,32.4,2.0,-0.4,-0.9,2.2,3.6,-1.9,4.8
241,2000-02-01,3.2,1.8,1.5,2.3,19.9,0.9,41.2,2.2,-0.2,-0.4,3.2,3.8,-2.3,5.7
242,2000-03-01,3.8,2.0,1.8,2.3,24.2,0.6,52.6,2.4,0.1,-0.2,3.8,3.9,-2.0,5.5
243,2000-04-01,3.1,2.0,1.8,2.2,15.0,0.6,27.4,2.3,-1.5,-1.4,3.8,3.9,-1.4,3.9
244,2000-05-01,3.2,2.2,2.2,2.2,14.6,0.5,26.6,2.4,-0.9,-1.5,3.9,4.0,-1.1,6.0
245,2000-06-01,3.7,2.3,2.2,2.4,21.3,1.7,40.3,2.5,-1.5,-2.0,3.2,4.1,-0.9,10.4
246,2000-07-01,3.7,2.6,2.8,2.4,19.3,2.5,32.9,2.5,-1.3,-2.2,2.0,4.1,-1.5,6.4
247,2000-08-01,3.4,2.7,2.9,2.4,13.1,2.5,19.1,2.6,-1.0,-1.7,0.9,4.2,-1.7,9.4
248,2000-09-01,3.5,2.6,2.7,2.5,15.4,2.6,22.4,2.6,0.4,-1.1,0.3,4.3,-0.9,9.4
249,2000-10-01,3.4,2.4,2.4,2.5,15.9,1.9,20.9,2.5,0.6,-1.3,1.0,4.3,0.0,3.2
250,2000-11-01,3.4,2.2,2.2,2.3,16.0,2.3,21.6,2.6,0.9,-1.3,2.0,4.3,-0.6,3.4
251,2000-12-01,3.4,2.8,2.9,2.4,14.2,2.6,13.9,2.6,0.4,-1.8,3.4,4.2,0.8,4.1
252,2001-01-01,3.7,2.9,3.0,2.5,17.8,5.4,12.4,2.6,-0.7,-1.1,4.2,4.5,0.2,5.4
253,2001-02-01,3.5,3.0,3.3,2.5,13.1,4.5,8.1,2.7,-0.7,-0.6,4.8,4.6,0.2,3.9
254,2001-03-01,2.9,3.1,3.4,2.6,6.0,5.1,-5.8,2.7,-1.7,-0.2,4.5,4.6,-0.2,0.1
255,2001-04-01,3.3,3.2,3.4,2.7,10.3,5.2,3.8,2.6,-0.6,-1.1,3.7,4.6,-0.7,-0.4
256,2001-05-01,3.6,3.1,3.2,2.9,15.8,7.0,14.4,2.5,-0.7,-1.8,2.4,4.6,-0.5,-0.5
257,2001-06-01,3.2,3.4,3.6,3.0,8.4,10.1,2.2,2.7,-0.2,-1.6,2.1,4.6,0.0,1.7
258,2001-07-01,2.7,3.2,3.3,3.0,2.1,9.9,-7.8,2.7,-1.0,-1.5,1.9,4.5,-0.2,1.1
259,2001-08-01,2.7,3.1,3.1,3.1,2.8,9.5,-5.1,2.7,-1.5,-2.2,1.8,4.5,0.3,-0.9
260,2001-09-01,2.6,3.1,3.1,3.0,1.5,8.5,-2.7,2.6,-3.3,-2.8,0.7,4.5,-0.4,-0.1
261,2001-10-01,2.1,3.4,3.6,3.1,-5.6,8.1,-12.6,2.6,-3.2,-2.5,-0.1,4.6,-1.0,0.5
262,2001-11-01,1.9,3.4,3.5,3.2,-10.1,6.8,-21.5,2.8,-3.1,-2.9,-1.2,4.8,-0.8,-1.9
263,2001-12-01,1.6,2.8,2.6,3.0,-13.0,6.1,-24.9,2.7,-3.1,-3.2,-1.9,4.7,-1.6,-2.2
264,2002-01-01,1.1,2.9,2.9,2.9,-15.7,2.6,-22.7,2.6,-3.0,-4.0,-3.0,4.7,-1.6,-2.1
265,2002-02-01,1.1,2.7,2.4,3.0,-15.9,2.4,-23.0,2.6,-3.2,-3.8,-4.1,4.5,-1.0,-2.3
266,2002-03-01,1.5,2.6,2.5,2.8,-10.7,1.9,-13.1,2.4,-2.8,-3.0,-4.9,4.4,-1.7,-1.0
267,2002-04-01,1.6,2.5,2.4,2.6,-8.2,0.9,-9.0,2.5,-3.0,-2.4,-4.9,4.6,-1.5,0.7
268,2002-05-01,1.2,1.9,1.6,2.6,-12.3,0.0,-17.3,2.5,-2.0,-2.1,-4.6,4.7,-1.6,1.2
269,2002-06-01,1.1,1.6,1.0,2.6,-11.1,-3.1,-15.4,2.3,-1.9,-2.9,-4.2,4.5,-3.0,-2.3
270,2002-07-01,1.5,1.4,0.7,2.5,-5.2,-3.9,-3.7,2.2,-1.7,-3.2,-3.5,4.9,-2.2,-3.0
271,2002-08-01,1.8,1.2,0.4,2.3,-2.8,-3.2,-0.2,2.4,-1.6,-1.7,-2.9,4.7,-1.9,-2.0
272,2002-09-01,1.5,1.3,0.5,2.3,-4.8,-2.7,-7.3,2.2,-1.6,-1.7,-3.2,4.6,-2.1,-2.9
273,2002-10-01,2.0,0.9,-0.1,2.3,3.0,-2.9,7.2,2.2,-1.2,-2.1,-4.5,4.8,-1.4,-2.7
274,2002-11-01,2.2,1.3,0.5,2.3,8.0,-2.6,19.3,2.0,-1.5,-2.0,-5.5,5.0,-1.3,-1.4
275,2002-12-01,2.4,1.5,0.8,2.3,10.7,-1.9,24.8,1.9,-1.1,-1.8,-5.5,5.0,-1.4,-0.9
276,2003-01-01,2.6,1.0,0.3,2.0,14.1,-0.8,29.3,1.9,-0.9,-1.9,-4.7,4.6,-0.9,-1.7
277,2003-02-01,3.0,1.4,0.9,2.1,22.0,-0.2,43.1,1.7,-0.5,-2.3,-3.6,4.5,-1.2,-1.8
278,2003-03-01,3.0,1.4,0.8,2.2,23.4,0.8,37.6,1.7,-1.2,-3.6,-2.4,4.3,-1.4,-0.9
279,2003-04-01,2.2,1.2,0.5,2.2,13.0,2.8,15.8,1.5,-0.9,-3.8,-2.2,4.0,-1.5,-1.2
280,2003-05-01,2.1,1.7,1.3,2.2,9.0,3.7,8.1,1.6,-1.6,-3.6,-2.6,4.0,-1.9,-0.1
281,2003-06-01,2.1,2.2,2.2,2.1,9.3,3.2,8.4,1.5,-1.8,-2.6,-3.2,4.1,-0.1,1.5
282,2003-07-01,2.1,2.1,2.1,2.1,9.0,3.1,8.1,1.5,-1.5,-2.1,-4.6,3.8,-0.3,3.3
283,2003-08-01,2.2,2.5,2.7,2.1,11.8,3.3,14.5,1.3,-1.2,-2.7,-6.6,3.9,-0.7,2.1
284,2003-09-01,2.3,2.4,2.8,2.0,14.7,3.8,21.0,1.2,-1.3,-2.1,-8.7,4.0,-0.9,2.3
285,2003-10-01,2.0,2.9,3.7,2.1,8.8,3.2,9.8,1.3,-1.5,-1.6,-10.4,3.7,-1.5,3.9
286,2003-11-01,1.8,3.2,3.9,2.2,6.2,2.7,5.5,1.1,-1.8,-1.9,-11.3,3.5,-1.1,2.8
287,2003-12-01,1.9,3.6,4.5,2.3,6.9,2.6,6.8,1.1,-1.6,-2.1,-11.8,3.7,-0.7,1.3
288,2004-01-01,1.9,3.5,4.1,2.8,7.8,3.1,8.3,1.1,-0.7,-1.9,-11.8,3.8,-0.9,2.0
289,2004-02-01,1.7,3.3,3.6,2.7,3.8,3.2,2.0,1.2,-0.5,-1.7,-11.7,4.2,-0.1,2.2
290,2004-03-01,1.7,3.2,3.7,2.7,0.4,1.6,1.6,1.6,-0.1,-0.1,-11.6,4.5,0.9,1.8
291,2004-04-01,2.3,3.4,3.8,2.8,5.6,0.9,11.0,1.8,-0.8,0.3,-11.5,4.7,1.0,2.1
292,2004-05-01,3.1,4.1,4.9,2.9,15.0,0.6,30.0,1.7,-0.7,0.7,-10.9,4.6,0.9,-0.4
293,2004-06-01,3.3,3.7,4.4,2.8,17.0,1.9,33.4,1.9,0.9,0.5,-11.4,4.6,1.0,-1.0
294,2004-07-01,3.0,4.0,4.6,3.0,14.3,2.0,26.5,1.8,-0.1,-0.3,-9.3,4.5,-0.6,-1.1
295,2004-08-01,2.7,3.5,3.9,3.2,10.5,2.2,16.5,1.7,-0.9,-0.6,-6.6,4.4,-1.3,-1.9
296,2004-09-01,2.5,3.3,3.3,3.3,6.7,1.6,9.6,2.0,-0.7,-0.7,-1.8,4.4,-0.7,-2.8
297,2004-10-01,3.2,3.4,3.5,3.3,15.2,0.9,26.6,2.0,-0.2,-0.6,1.3,4.5,-0.9,-2.3
298,2004-11-01,3.5,3.2,3.1,3.2,19.2,2.3,30.9,2.2,-0.1,-0.1,3.6,4.4,-0.8,0.3
299,2004-12-01,3.3,2.7,2.4,3.0,16.6,2.1,26.1,2.2,-0.2,-0.2,4.8,4.2,-1.2,-0.1
300,2005-01-01,3.0,2.9,2.7,3.2,10.6,3.5,14.3,2.3,-0.7,0.3,5.1,4.3,-0.7,-0.9
301,2005-02-01,3.0,2.6,2.2,3.2,10.4,3.2,14.7,2.4,-2.2,0.1,5.0,4.3,-1.0,-1.1
302,2005-03-01,3.1,2.5,2.1,3.2,12.4,4.3,16.8,2.3,-1.3,0.0,5.0,4.3,-1.6,0.1
303,2005-04-01,3.5,3.1,3.1,3.2,17.1,4.1,24.2,2.2,-0.6,-0.5,5.2,4.3,-1.4,1.7
304,2005-05-01,2.8,2.4,2.0,3.2,9.9,5.0,10.3,2.2,-0.1,-0.8,5.3,4.3,-0.9,3.5
305,2005-06-01,2.5,2.2,1.4,3.3,7.3,5.6,6.9,2.0,-2.8,-1.5,7.1,4.2,-1.0,4.8
306,2005-07-01,3.2,2.1,1.4,3.1,14.2,5.5,19.5,2.1,-1.6,-1.8,6.7,4.2,0.9,5.5
307,2005-08-01,3.6,2.2,1.5,3.1,20.2,5.7,31.3,2.1,-1.2,-0.6,6.1,3.9,1.9,6.5
308,2005-09-01,4.7,2.5,2.1,3.0,34.8,6.4,54.8,2.0,-1.3,-0.6,3.7,3.9,2.3,7.5
309,2005-10-01,4.3,2.2,1.5,3.1,29.5,8.4,37.0,2.1,-1.4,-1.1,2.8,4.1,3.0,7.8
310,2005-11-01,3.5,2.2,1.5,3.2,18.3,11.4,16.1,2.1,-0.2,-1.2,2.0,4.5,1.6,5.8
311,2005-12-01,3.4,2.3,1.7,3.2,17.1,10.7,16.1,2.2,0.6,-1.1,1.4,4.3,1.8,5.9
312,2006-01-01,4.0,2.6,2.4,3.0,24.8,15.0,27.4,2.1,0.4,-1.0,1.3,4.0,1.3,7.6
313,2006-02-01,3.6,2.8,2.4,3.0,20.1,15.4,20.6,2.1,1.0,-1.8,1.4,4.0,1.0,7.5
314,2006-03-01,3.4,2.6,2.2,3.1,17.3,14.9,17.0,2.1,-0.1,-1.2,1.7,4.1,1.5,5.9
315,2006-04-01,3.5,1.8,0.9,3.1,17.8,14.8,21.5,2.3,0.2,-0.2,1.7,4.1,2.3,4.8
316,2006-05-01,4.2,1.9,0.8,3.2,23.6,13.0,33.4,2.4,0.4,0.0,1.5,4.2,2.1,5.1
317,2006-06-01,4.3,2.2,1.5,3.1,23.3,12.8,34.0,2.6,2.0,0.5,1.1,4.1,1.5,5.4
318,2006-07-01,4.1,2.2,1.5,3.2,20.5,12.7,29.6,2.7,1.4,0.0,0.8,4.0,2.3,5.0
319,2006-08-01,3.8,2.4,1.9,3.1,15.1,12.0,19.6,2.8,2.0,0.3,0.3,4.3,1.9,4.9
320,2006-09-01,2.1,2.5,2.2,3.0,-4.3,11.8,-11.9,2.9,1.4,1.0,-0.4,4.2,-0.1,4.0
321,2006-10-01,1.3,2.6,2.3,3.0,-11.3,10.4,-18.3,2.7,1.5,0.5,-0.9,4.0,0.4,1.9
322,2006-11-01,2.0,2.3,1.7,3.1,-3.8,6.5,-4.2,2.6,0.6,0.2,-1.5,3.7,1.6,-0.2
323,2006-12-01,2.5,2.1,1.4,3.2,2.9,7.5,6.4,2.6,-0.7,0.9,-2.2,3.6,1.5,0.1
324,2007-01-01,2.1,2.4,1.7,3.3,-3.1,4.1,-2.7,2.7,-0.8,0.9,-2.9,4.3,1.1,0.7
325,2007-02-01,2.4,3.1,2.9,3.4,-1.0,3.7,-1.4,2.7,0.5,2.1,-3.5,4.3,0.5,1.2
326,2007-03-01,2.8,3.3,3.4,3.3,4.4,3.8,7.2,2.5,0.9,0.5,-4.0,4.0,0.8,1.5
327,2007-04-01,2.6,3.7,3.9,3.4,2.9,3.7,3.2,2.3,0.1,-0.4,-4.3,4.0,-0.5,1.0
328,2007-05-01,2.7,3.9,4.4,3.3,4.7,4.1,6.0,2.2,-0.6,-0.8,-4.6,4.0,-0.3,-0.4
329,2007-06-01,2.7,4.1,4.6,3.4,4.6,3.4,5.0,2.2,-0.8,-1.4,-4.5,4.0,-0.6,-0.4
330,2007-07-01,2.4,4.2,4.6,3.6,1.0,3.1,-1.1,2.2,-0.8,-0.3,-4.3,4.3,-2.0,-0.7
331,2007-08-01,2.0,4.3,4.7,3.8,-2.5,3.0,-6.4,2.1,-1.4,-1.4,-3.7,4.5,-2.2,-0.5
332,2007-09-01,2.8,4.5,4.7,4.1,5.3,3.1,8.7,2.1,-1.3,-1.8,-2.7,4.6,-0.7,0.5
333,2007-10-01,3.5,4.4,4.7,4.1,14.5,4.7,23.4,2.2,-2.5,-1.2,-1.7,4.8,-1.3,2.6
334,2007-11-01,4.3,4.8,5.4,4.1,21.4,5.5,37.1,2.3,-1.9,-0.4,-0.5,5.0,-1.0,6.1
335,2007-12-01,4.1,4.9,5.6,4.0,17.4,5.2,29.6,2.4,-2.1,-0.3,0.5,5.2,-0.9,7.2
336,2008-01-01,4.3,4.9,5.8,3.9,19.6,3.7,34.5,2.5,-1.8,-0.2,1.4,4.9,-0.4,5.8
337,2008-02-01,4.0,4.6,5.1,3.9,18.9,3.4,32.7,2.3,-2.5,-1.0,2.0,4.5,-0.1,5.2
338,2008-03-01,4.0,4.5,4.7,4.1,17.0,3.7,26.0,2.4,-1.2,-1.4,2.1,4.6,-0.4,7.5
339,2008-04-01,3.9,5.1,5.9,4.1,15.9,5.0,20.7,2.3,-2.1,-0.7,1.8,4.3,0.1,7.3
340,2008-05-01,4.2,5.1,5.8,4.3,17.4,5.8,20.8,2.3,-2.4,-0.6,1.4,4.1,0.7,10.2
341,2008-06-01,5.0,5.3,6.1,4.4,24.7,5.6,32.8,2.4,-2.2,-0.2,0.7,4.0,2.1,13.4
342,2008-07-01,5.6,6.0,7.1,4.6,29.3,7.9,37.9,2.5,-1.4,0.8,-0.1,3.5,2.8,14.5
343,2008-08-01,5.4,6.1,7.5,4.5,27.2,9.1,35.6,2.5,-0.8,1.7,-1.3,3.3,2.4,15.2
344,2008-09-01,4.9,6.2,7.6,4.5,23.1,7.7,31.7,2.5,0.3,1.4,-3.1,3.2,2.7,13.3
345,2008-10-01,3.7,6.3,7.5,4.8,11.5,8.1,12.0,2.2,1.5,0.3,-5.3,2.8,4.0,8.4
346,2008-11-01,1.1,6.0,7.0,4.9,-13.3,8.1,-29.4,2.0,0.3,0.0,-7.1,2.7,3.6,4.1
347,2008-12-01,0.1,5.9,6.6,5.0,-21.3,8.6,-43.1,1.8,-0.1,-1.0,-8.1,2.6,3.0,1.8
348,2009-01-01,0.0,5.3,5.7,4.9,-20.4,8.7,-40.4,1.7,0.0,-0.9,-9.0,2.6,2.4,0.0
349,2009-02-01,0.2,4.8,4.8,4.8,-18.5,9.2,-35.6,1.8,0.4,0.8,-10.5,2.8,3.2,-1.8
350,2009-03-01,-0.4,4.4,4.3,4.6,-23.0,8.2,-39.3,1.8,-0.2,1.4,-11.8,2.8,3.2,-5.0
351,2009-04-01,-0.7,3.3,2.3,4.6,-25.2,6.3,-39.5,1.9,1.4,0.9,-11.4,3.0,2.7,-5.9
352,2009-05-01,-1.3,2.7,1.5,4.2,-27.3,4.8,-39.4,1.8,2.4,0.8,-10.0,3.2,2.0,-9.0
353,2009-06-01,-1.4,2.1,0.8,3.8,-25.5,2.8,-34.6,1.7,2.0,1.5,-8.6,3.2,1.6,-12.1
354,2009-07-01,-2.1,0.9,-0.9,3.2,-28.1,0.1,-37.3,1.5,0.8,1.1,-7.9,3.2,0.2,-11.5
355,2009-08-01,-1.5,0.4,-1.6,3.0,-23.0,-1.2,-30.0,1.4,-1.0,0.6,-5.4,3.3,0.9,-11.0
356,2009-09-01,-1.3,-0.2,-2.5,2.6,-21.6,-0.1,-29.7,1.5,-0.7,1.1,-2.7,3.5,1.1,-8.2
357,2009-10-01,-0.2,-0.6,-2.8,2.2,-14.0,-0.6,-17.9,1.7,-1.4,1.4,2.3,3.5,0.1,-4.5
358,2009-11-01,1.8,-0.7,-2.9,2.1,7.4,0.1,23.6,1.7,-1.3,1.0,5.8,3.5,-1.4,0.3
359,2009-12-01,2.7,-0.5,-2.4,1.9,18.2,-0.5,53.5,1.8,0.0,1.9,9.2,3.4,-1.1,3.2
360,2010-01-01,2.6,-0.4,-2.0,1.6,19.1,-1.9,51.3,1.6,-0.6,1.7,11.5,3.5,-0.9,2.8
361,2010-02-01,2.1,-0.2,-1.5,1.4,14.4,-2.7,36.8,1.3,-1.6,0.0,14.1,3.6,-1.3,4.5
362,2010-03-01,2.3,0.2,-0.7,1.2,18.3,-0.5,41.4,1.1,-2.9,-0.4,16.3,3.7,-1.2,6.1
363,2010-04-01,2.2,0.5,0.0,1.1,18.5,0.6,38.3,0.9,-5.0,-0.9,16.6,3.6,-1.4,8.4
364,2010-05-01,2.0,0.7,0.3,1.1,14.7,0.7,27.0,0.9,-4.5,-0.6,16.2,3.4,-1.3,10.7
365,2010-06-01,1.1,0.7,0.2,1.2,3.0,0.4,3.9,0.9,-5.4,-0.4,16.1,3.5,-0.8,10.9
366,2010-07-01,1.2,0.9,0.7,1.1,5.2,1.3,7.4,0.9,-5.2,-0.3,17.0,3.2,-0.2,7.7
367,2010-08-01,1.1,1.0,0.8,1.2,3.8,1.6,4.4,0.9,-4.2,-0.4,15.5,3.2,-0.4,6.6
368,2010-09-01,1.1,1.4,1.4,1.4,3.8,1.1,5.1,0.8,-5.3,-1.2,12.9,3.4,-1.1,5.3
369,2010-10-01,1.2,1.4,1.4,1.4,5.9,0.6,9.5,0.6,-4.8,-1.2,8.6,3.4,-1.5,4.3
370,2010-11-01,1.1,1.5,1.7,1.3,3.9,0.3,7.3,0.8,-4.4,-0.8,6.0,3.2,0.0,4.4
371,2010-12-01,1.5,1.5,1.7,1.3,7.7,0.7,13.8,0.8,-4.5,-1.1,3.7,3.3,-0.5,4.9
372,2011-01-01,1.6,1.8,2.1,1.5,7.3,1.2,13.4,1.0,-4.6,0.0,2.4,2.9,-0.5,7.7
373,2011-02-01,2.1,2.3,2.8,1.6,11.0,2.2,19.2,1.1,-4.3,-0.4,1.9,2.9,0.1,9.7
374,2011-03-01,2.7,2.9,3.6,1.9,15.5,1.0,27.5,1.2,-3.3,-0.6,2.3,2.7,-0.2,10.5
375,2011-04-01,3.2,3.2,3.9,2.1,19.0,0.6,33.1,1.3,-1.4,0.1,3.3,2.9,-0.1,9.3
376,2011-05-01,3.6,3.5,4.4,2.2,21.5,1.8,36.9,1.5,-1.6,1.0,4.1,3.0,0.1,7.2
377,2011-06-01,3.6,3.7,4.7,2.3,20.1,1.5,35.6,1.6,0.0,1.9,5.1,2.9,-0.3,5.6
378,2011-07-01,3.6,4.2,5.4,2.6,19.0,2.0,33.6,1.8,-0.2,3.1,5.3,3.2,-0.3,6.0
379,2011-08-01,3.8,4.6,6.0,2.7,18.4,1.9,32.4,2.0,0.4,4.2,5.4,3.2,-0.3,7.2
380,2011-09-01,3.9,4.7,6.3,2.6,19.3,2.7,33.3,2.0,0.1,3.5,5.1,2.8,-0.5,7.4
381,2011-10-01,3.5,4.7,6.2,2.7,14.2,2.9,23.5,2.1,0.4,4.2,5.2,3.1,-0.4,7.0
382,2011-11-01,3.4,4.6,5.9,2.9,12.4,2.7,19.7,2.2,1.1,4.8,4.9,3.4,-0.9,5.3
383,2011-12-01,3.0,4.7,6.0,2.9,6.6,2.2,9.9,2.2,2.0,4.6,4.0,3.5,0.0,3.8
384,2012-01-01,2.9,4.4,5.3,3.1,6.1,2.4,9.7,2.3,1.9,4.7,3.2,3.6,0.1,1.7
385,2012-02-01,2.9,3.9,4.5,3.1,7.0,1.9,12.6,2.2,1.9,4.2,2.9,3.4,0.0,0.2
386,2012-03-01,2.7,3.3,3.6,3.0,4.6,0.6,9.0,2.3,2.1,4.9,3.2,3.5,-0.3,-0.3
387,2012-04-01,2.3,3.1,3.3,2.9,0.9,0.6,3.2,2.3,1.8,5.1,3.5,3.4,0.3,1.1
388,2012-05-01,1.7,2.8,2.7,2.9,-3.9,0.2,-4.0,2.3,1.4,4.4,3.5,3.6,-0.3,2.4
389,2012-06-01,1.7,2.7,2.6,2.9,-3.9,0.5,-4.3,2.2,0.6,3.9,2.3,4.0,-0.4,1.6
390,2012-07-01,1.4,2.3,1.9,2.9,-5.0,-1.3,-5.5,2.1,1.8,3.0,1.1,4.1,-0.2,0.1
391,2012-08-01,1.7,2.0,1.5,2.8,-0.6,-1.2,1.8,1.9,1.3,1.7,-0.6,4.1,0.0,-1.5
392,2012-09-01,2.0,1.6,0.8,2.8,2.3,-1.5,6.8,2.0,2.0,2.7,-1.6,4.1,0.9,-0.9
393,2012-10-01,2.2,1.7,1.0,2.7,4.0,-1.2,9.1,2.0,1.6,3.0,-2.1,3.7,0.8,0.6
394,2012-11-01,1.8,1.8,1.3,2.6,0.3,-0.7,1.9,1.9,1.0,1.8,-2.3,3.4,1.0,1.4
395,2012-12-01,1.7,1.8,1.3,2.5,0.5,-0.5,1.7,1.9,-0.4,1.8,-2.0,3.2,1.0,2.4
396,2013-01-01,1.6,1.6,1.1,2.3,-1.0,0.5,-1.5,1.9,-0.6,2.1,-1.3,3.1,0.6,3.6
397,2013-02-01,2.0,1.6,1.2,2.3,2.3,0.8,3.3,2.0,0.0,2.4,-0.2,3.1,0.0,3.3
398,2013-03-01,1.5,1.5,1.0,2.3,-1.6,0.9,-3.1,1.9,-0.6,0.8,0.1,3.1,-0.1,4.0
399,2013-04-01,1.1,1.5,1.0,2.3,-4.3,1.1,-8.3,1.7,-0.5,0.3,-0.6,2.7,-0.2,2.6
400,2013-05-01,1.4,1.4,0.8,2.3,-1.0,1.7,-4.1,1.7,-0.8,0.2,-1.6,2.2,0.3,3.2
401,2013-06-01,1.8,1.4,0.9,2.2,3.2,1.9,2.8,1.6,-0.5,0.8,-2.3,2.1,-0.3,3.6
402,2013-07-01,2.0,1.4,1.0,2.1,4.7,3.1,5.2,1.7,-1.5,1.6,-2.1,1.9,0.0,3.1
403,2013-08-01,1.5,1.4,1.0,2.0,-0.1,2.8,-2.4,1.8,-1.2,1.8,-1.0,2.3,-0.6,1.9
404,2013-09-01,1.2,1.4,1.0,1.9,-3.1,3.2,-7.5,1.7,-2.2,0.8,0.4,2.4,-1.9,1.6
405,2013-10-01,1.0,1.3,0.8,1.9,-4.8,3.0,-10.1,1.7,-2.2,-0.2,1.4,2.3,-1.7,2.5
406,2013-11-01,1.2,1.2,0.6,2.1,-2.4,2.9,-5.8,1.7,-2.4,-0.1,2.0,2.2,-1.1,3.7
407,2013-12-01,1.5,1.1,0.4,2.1,0.5,3.2,-1.0,1.7,-2.3,0.6,2.0,2.0,-1.5,-0.1
408,2014-01-01,1.6,1.1,0.5,2.0,2.1,4.4,0.1,1.6,-1.6,-0.3,1.5,2.1,-1.4,-2.4
409,2014-02-01,1.1,1.4,0.9,2.2,-2.5,3.8,-8.1,1.6,-3.0,-0.6,0.6,2.3,-1.1,-1.8
410,2014-03-01,1.5,1.7,1.4,2.3,0.4,5.3,-4.7,1.7,-3.3,0.5,0.1,2.2,-0.9,-2.5
411,2014-04-01,2.0,1.9,1.7,2.2,3.3,2.1,2.4,1.8,-2.6,0.6,0.2,2.4,-0.4,0.1
412,2014-05-01,2.1,2.5,2.7,2.2,3.3,3.6,2.3,2.0,-2.5,0.8,0.2,2.8,-1.9,3.1
413,2014-06-01,2.1,2.3,2.4,2.2,3.2,4.2,2.0,1.9,-2.5,0.9,0.1,2.6,-1.3,3.5
414,2014-07-01,2.0,2.5,2.7,2.4,2.6,4.0,0.8,1.9,-3.1,0.3,0.2,2.6,-2.2,0.0
415,2014-08-01,1.7,2.7,2.9,2.5,0.4,4.1,-2.8,1.7,-3.6,0.0,0.0,2.1,-1.7,-1.7
416,2014-09-01,1.7,3.0,3.2,2.7,-0.6,2.8,-3.6,1.7,-3.5,0.5,-0.4,2.0,-0.4,-2.2
417,2014-10-01,1.7,3.1,3.3,2.8,-1.6,3.1,-5.0,1.8,-2.7,0.7,-1.7,2.1,-0.8,-1.8
418,2014-11-01,1.3,3.2,3.4,2.9,-4.8,2.8,-10.5,1.7,-2.2,-0.3,-3.1,2.5,-2.0,-2.4
419,2014-12-01,0.8,3.4,3.7,3.0,-10.6,3.1,-21.0,1.6,-1.6,-2.0,-4.2,3.0,-2.2,-2.9
420,2015-01-01,-0.1,3.2,3.3,3.1,-19.6,2.5,-35.4,1.6,-2.2,-1.4,-4.0,2.6,-1.9,-1.8
421,2015-02-01,0.0,3.0,2.9,3.1,-18.8,3.2,-32.8,1.7,-1.5,-0.8,-2.9,2.3,-1.9,-1.9
422,2015-03-01,-0.1,2.3,1.9,2.9,-18.3,0.9,-29.2,1.8,-0.7,-0.5,-1.3,2.5,-2.2,-3.3
423,2015-04-01,-0.2,2.0,1.3,2.9,-19.4,3.8,-31.7,1.8,0.0,-0.8,-0.5,2.9,-2.2,-4.7
424,2015-05-01,0.0,1.6,0.6,3.0,-16.3,0.5,-25.0,1.7,-0.8,-1.5,-0.5,2.8,-2.0,-4.1
425,2015-06-01,0.1,1.8,1.0,3.0,-15.0,0.0,-23.3,1.8,-1.0,-1.8,-0.7,2.5,-2.2,-3.2
426,2015-07-01,0.2,1.6,0.9,2.7,-14.8,-0.7,-22.3,1.8,-0.4,-1.6,-1.1,2.5,-0.9,-3.1
427,2015-08-01,0.2,1.6,0.8,2.7,-15.0,-0.6,-23.3,1.8,-0.9,-0.9,-1.5,2.5,-0.9,-2.9
428,2015-09-01,0.0,1.6,0.8,2.9,-18.4,-0.4,-29.6,1.9,0.2,-1.4,-1.7,2.5,-1.2,-2.9
429,2015-10-01,0.2,1.6,0.7,2.9,-17.1,-0.5,-27.8,1.9,-0.5,-1.9,-1.4,3.0,-1.7,-2.3
430,2015-11-01,0.5,1.3,0.3,2.7,-14.7,-0.2,-24.1,2.0,-0.6,-1.5,-0.6,2.9,-1.4,-1.8
431,2015-12-01,0.7,0.8,-0.4,2.6,-12.6,-1.2,-19.7,2.1,-0.8,-0.9,0.4,2.6,-0.9,-1.0
432,2016-01-01,1.4,0.8,-0.5,2.7,-6.5,-2.4,-7.3,2.2,-0.3,-0.5,0.9,3.0,-1.0,-0.1
433,2016-02-01,1.0,0.9,-0.3,2.6,-12.5,-3.0,-20.7,2.3,-0.6,0.9,0.4,3.5,-1.8,-0.1
434,2016-03-01,0.9,0.8,-0.5,2.7,-12.6,-1.7,-20.9,2.2,-1.2,-0.6,-0.6,3.3,-1.3,0.3
435,2016-04-01,1.1,0.9,-0.3,2.7,-8.9,-2.1,-13.8,2.1,-2.7,-0.6,-1.5,3.0,-0.6,1.1
436,2016-05-01,1.0,0.7,-0.7,2.6,-10.1,-1.3,-16.9,2.2,-2.5,0.5,-2.3,3.1,0.3,-1.0
437,2016-06-01,1.0,0.3,-1.3,2.6,-9.4,-1.8,-15.4,2.2,-3.1,0.4,-3.1,3.5,-1.1,-2.3
438,2016-07-01,0.8,0.2,-1.6,2.8,-10.9,-1.0,-19.9,2.2,-3.0,0.3,-3.7,3.9,-1.7,-2.2
439,2016-08-01,1.1,0.0,-1.9,2.8,-9.2,-0.7,-17.8,2.3,-2.9,0.3,-4.0,4.9,-1.8,-1.2
440,2016-09-01,1.5,-0.3,-2.2,2.4,-2.9,0.1,-6.5,2.2,-3.2,-0.1,-4.1,4.9,-2.2,-0.8
441,2016-10-01,1.6,-0.4,-2.3,2.4,0.1,0.4,-0.9,2.1,-2.0,0.7,-4.1,4.3,-1.3,-2.7
442,2016-11-01,1.7,-0.4,-2.2,2.3,1.1,0.2,1.0,2.1,-2.7,0.3,-3.8,4.0,-1.6,-3.4
443,2016-12-01,2.1,-0.2,-2.0,2.3,5.4,0.7,9.1,2.2,-2.8,-0.1,-3.5,4.1,-1.4,-2.3
444,2017-01-01,2.5,-0.2,-1.9,2.4,10.8,1.0,20.3,2.3,-2.0,1.0,-3.7,3.9,-1.6,-1.3
445,2017-02-01,2.7,0.0,-1.7,2.4,15.2,1.9,30.7,2.2,-1.4,0.4,-4.3,3.5,-1.1,0.0
446,2017-03-01,2.4,0.5,-0.9,2.4,10.9,1.6,19.9,2.0,-1.7,0.6,-4.7,3.5,-1.5,0.6
447,2017-04-01,2.2,0.5,-0.8,2.3,9.3,2.4,14.3,1.9,-1.8,0.5,-4.6,3.0,-3.0,0.4
448,2017-05-01,1.9,0.9,-0.2,2.3,5.4,2.7,5.8,1.7,-1.4,-0.9,-4.3,2.7,-3.2,-1.5
449,2017-06-01,1.6,0.9,-0.1,2.2,2.3,2.5,-0.4,1.7,-0.7,-0.7,-4.3,2.7,-1.9,-2.2
450,2017-07-01,1.7,1.1,0.3,2.1,3.4,2.6,3.0,1.7,-0.8,-0.4,-4.1,2.6,-1.9,-1.2
451,2017-08-01,1.9,1.1,0.3,2.2,6.4,2.3,10.4,1.7,0.7,-0.6,-3.8,1.8,-2.4,-1.7
452,2017-09-01,2.2,1.2,0.4,2.4,10.1,1.7,19.3,1.7,0.4,-0.2,-3.7,1.6,-1.7,-1.1
453,2017-10-01,2.0,1.3,0.6,2.3,6.4,2.0,10.8,1.8,-1.2,-0.6,-2.9,1.7,-1.9,0.2
454,2017-11-01,2.2,1.4,0.6,2.4,9.4,2.5,16.5,1.7,-0.6,-1.6,-2.1,1.7,-1.3,-0.8
455,2017-12-01,2.1,1.6,0.9,2.5,6.9,2.6,10.7,1.8,-0.7,-1.6,-1.0,1.8,-1.0,-1.6
456,2018-01-01,2.1,1.7,1.0,2.5,5.5,2.4,8.5,1.8,-0.9,-0.7,-0.6,2.0,-0.6,-2.1
457,2018-02-01,2.2,1.4,0.5,2.6,7.7,2.2,12.6,1.8,-1.0,0.4,-0.1,1.8,-0.6,-2.0
458,2018-03-01,2.4,1.3,0.4,2.5,7.0,2.2,11.1,2.1,-1.3,0.3,0.4,2.0,0.8,-2.1
459,2018-04-01,2.5,1.4,0.5,2.5,7.9,1.2,13.4,2.1,0.1,0.8,-0.9,2.2,0.7,-3.0
460,2018-05-01,2.8,1.2,0.1,2.7,11.7,1.0,21.8,2.2,-0.1,1.4,-1.7,2.4,-0.4,-2.8
461,2018-06-01,2.9,1.4,0.4,2.8,12.0,-0.1,24.3,2.3,0.0,0.6,-0.7,2.5,0.1,-2.7
462,2018-07-01,2.9,1.4,0.4,2.8,12.1,-0.8,25.4,2.4,0.0,0.3,0.8,1.9,0.7,-1.5
463,2018-08-01,2.7,1.4,0.5,2.6,10.2,-0.5,20.3,2.2,-0.7,-1.4,1.3,1.5,0.7,-0.1
464,2018-09-01,2.3,1.4,0.4,2.6,4.8,-1.2,9.1,2.2,0.6,-0.6,-1.5,1.7,-0.5,-0.2
465,2018-10-01,2.5,1.2,0.1,2.5,8.9,0.7,16.1,2.1,1.3,-0.4,0.4,1.7,-1.8,-0.5
466,2018-11-01,2.2,1.4,0.4,2.6,3.1,0.6,5.0,2.2,0.8,-0.4,2.3,2.0,-1.2,-0.9
467,2018-12-01,1.9,1.6,0.6,2.8,-0.3,1.1,-2.1,2.2,1.7,-0.1,1.4,2.0,2.5,-1.7
468,2019-01-01,1.6,1.6,0.6,2.8,-4.8,0.4,-10.1,2.2,1.3,0.1,1.6,1.9,2.0,-2.0
469,2019-02-01,1.5,2.0,1.2,2.9,-5.0,0.0,-9.1,2.1,2.4,-0.8,1.1,1.7,0.3,-1.8
470,2019-03-01,1.9,2.1,1.4,3.0,-0.4,0.3,-0.7,2.0,3.3,-2.2,0.4,1.7,0.3,-1.9
471,2019-04-01,2.0,1.8,0.7,3.1,1.7,0.6,3.1,2.1,1.6,-3.0,0.8,1.9,0.1,-1.2
472,2019-05-01,1.8,2.0,1.2,2.9,-0.5,-0.2,-0.2,2.0,2.4,-3.1,0.3,2.1,0.7,0.9
473,2019-06-01,1.6,1.9,0.9,3.1,-3.4,-0.3,-5.4,2.1,3.1,-1.3,1.2,2.0,0.7,1.1
474,2019-07-01,1.8,1.8,0.6,3.2,-2.0,0.5,-3.3,2.2,3.9,-0.5,1.5,2.6,-1.1,0.7
475,2019-08-01,1.7,1.7,0.5,3.2,-4.4,-0.1,-7.1,2.4,2.4,1.0,2.1,3.5,0.0,1.5
476,2019-09-01,1.7,1.8,0.6,3.2,-4.8,0.7,-8.2,2.4,2.3,-0.3,2.6,3.5,2.4,1.7
477,2019-10-01,1.8,2.1,1.0,3.3,-4.2,0.4,-7.3,2.3,2.1,-2.3,1.4,4.3,4.3,1.4
478,2019-11-01,2.1,2.0,1.0,3.2,-0.6,0.5,-1.2,2.3,2.2,-1.6,-0.4,4.2,4.6,1.9
479,2019-12-01,2.3,1.8,0.7,3.1,3.4,-0.4,7.9,2.3,1.2,-1.2,-0.7,4.6,0.1,1.0
480,2020-01-01,2.5,1.8,0.7,3.1,6.2,0.5,12.8,2.3,1.0,-1.3,-2.0,4.5,0.8,1.8
481,2020-02-01,2.3,1.8,0.8,3.0,2.8,0.6,5.6,2.4,1.1,-0.9,-1.3,4.6,2.1,1.6
482,2020-03-01,1.5,1.9,1.1,3.0,-5.7,0.2,-10.2,2.1,-0.5,-1.6,0.1,4.7,-0.3,-7.2
483,2020-04-01,0.3,3.5,4.1,2.8,-17.7,0.2,-32.0,1.4,-1.9,-5.7,-0.7,4.8,-1.1,-16.0
484,2020-05-01,0.1,4.0,4.8,2.9,-18.9,-0.2,-33.8,1.2,-1.3,-7.9,-0.4,4.9,-0.5,-19.8
485,2020-06-01,0.6,4.5,5.6,3.1,-12.6,0.1,-23.4,1.2,-1.4,-7.3,-2.8,5.1,0.5,-18.6
486,2020-07-01,1.0,4.1,4.6,3.4,-11.2,-0.1,-20.3,1.6,-2.3,-6.5,-0.9,5.0,3.1,-16.1
487,2020-08-01,1.3,4.1,4.6,3.5,-9.0,-0.1,-16.8,1.7,1.0,-5.9,4.0,4.5,3.4,-17.5
488,2020-09-01,1.4,3.9,4.1,3.8,-7.7,0.7,-15.4,1.7,0.9,-6.0,10.3,4.2,1.4,-16.5
489,2020-10-01,1.2,3.9,4.0,3.9,-9.2,1.3,-18.0,1.6,0.4,-5.5,11.5,2.9,1.4,-14.1
490,2020-11-01,1.2,3.7,3.6,3.8,-9.4,1.6,-19.3,1.6,1.5,-5.2,10.9,2.4,1.3,-12.0
491,2020-12-01,1.4,3.9,3.9,3.9,-7.0,2.2,-15.2,1.6,2.2,-3.9,10.0,1.8,2.5,-12.0
492,2021-01-01,1.4,3.8,3.7,3.9,-3.6,1.5,-8.6,1.4,1.5,-2.5,10.0,1.9,2.8,-13.9
493,2021-02-01,1.7,3.6,3.5,3.7,2.4,2.3,1.5,1.3,0.6,-3.6,9.3,2.0,4.6,-16.2
494,2021-03-01,2.6,3.5,3.3,3.7,13.2,2.5,22.5,1.6,3.5,-2.5,9.4,1.8,4.8,-8.2
495,2021-04-01,4.2,2.4,1.2,3.8,25.1,3.6,49.6,3.0,7.8,1.9,21.0,1.5,7.0,7.0
496,2021-05-01,5.0,2.2,0.7,4.0,28.5,4.2,56.2,3.8,8.6,5.6,29.7,0.9,9.0,15.9
